,id,match_date,kick_off_time,section,round,home_team,away_team,venue,weather,temperature,humidity,venue_id,day_of_the_week,month,year,holiday,kick_off_time_hour,home_team_id,capacity,away_team_id
0,19075,2017-02-25,12:35,1,1,横浜FM,浦和,日産スタジアム,1.0,10.2,45.0,41.0,6,2,2017,0,12,19.0,72081,20.0
1,19076,2017-02-25,14:04,1,1,仙台,札幌,ユアテックスタジアム仙台,12.0,10.6,36.0,19.0,6,2,2017,0,14,4.0,19694,14.0
2,19077,2017-02-25,14:04,1,1,鹿島,FC東京,県立カシマサッカースタジアム,1.0,10.1,63.0,52.0,6,2,2017,0,14,28.0,37496,1.0
3,19078,2017-02-25,14:04,1,1,清水,神戸,IAIスタジアム日本平,1.0,15.0,40.0,0.0,6,2,2017,0,14,21.0,20248,25.0
4,19079,2017-02-25,14:04,1,1,広島,新潟,エディオンスタジアム広島,1.0,11.2,45.0,7.0,6,2,2017,0,14,11.0,36894,13.0
5,19080,2017-02-25,14:05,1,1,鳥栖,柏,ベストアメニティスタジアム,1.0,14.8,34.0,15.0,6,2,2017,0,14,27.0,24130,17.0
6,19081,2017-02-25,15:03,1,1,C大阪,磐田,ヤンマースタジアム長居,1.0,9.7,41.0,18.0,6,2,2017,0,15,0.0,47853,24.0
7,19082,2017-02-25,16:03,1,1,大宮,川崎F,NACK5スタジアム大宮,1.0,15.5,26.0,1.0,6,2,2017,0,16,8.0,15491,10.0
8,19083,2017-02-26,17:03,1,2,G大阪,甲府,市立吹田サッカースタジアム,12.0,9.6,35.0,36.0,0,2,2017,0,17,2.0,39694,23.0
9,19084,2017-03-04,14:01,2,1,浦和,C大阪,埼玉スタジアム2002,1.0,13.4,39.0,29.0,6,3,2017,0,14,20.0,62010,0.0
10,19085,2017-03-04,14:04,2,1,甲府,鹿島,山梨中銀スタジアム,1.0,15.5,36.0,34.0,6,3,2017,0,14,23.0,15859,28.0
11,19086,2017-03-04,14:04,2,1,広島,清水,エディオンスタジアム広島,1.0,17.0,29.0,7.0,6,3,2017,0,14,11.0,36894,21.0
12,19087,2017-03-04,15:04,2,1,FC東京,大宮,味の素スタジアム,1.0,18.4,35.0,27.0,6,3,2017,0,15,1.0,48999,8.0
13,19088,2017-03-04,15:03,2,1,磐田,仙台,ヤマハスタジアム(磐田),1.0,17.5,21.0,17.0,6,3,2017,0,15,24.0,15165,4.0
14,19089,2017-03-04,16:03,2,1,神戸,新潟,ノエビアスタジアム神戸,1.0,13.6,49.0,12.0,6,3,2017,0,16,25.0,28425,13.0
15,19090,2017-03-04,19:03,2,1,横浜FM,札幌,ニッパツ三ツ沢球技場,1.0,10.6,51.0,11.0,6,3,2017,0,19,19.0,15440,14.0
16,19091,2017-03-05,15:03,2,2,柏,G大阪,日立柏サッカー場,12.0,15.1,60.0,42.0,0,3,2017,0,15,17.0,15109,2.0
17,19092,2017-03-05,17:03,2,2,川崎F,鳥栖,等々力陸上競技場,12.0,15.5,51.0,55.0,0,3,2017,0,17,10.0,26827,27.0
18,19093,2017-03-10,19:03,3,1,鹿島,横浜FM,県立カシマサッカースタジアム,1.0,11.9,42.0,52.0,5,3,2017,0,19,28.0,37496,19.0
19,19094,2017-03-10,19:03,3,1,川崎F,柏,等々力陸上競技場,1.0,11.4,29.0,55.0,5,3,2017,0,19,10.0,26827,17.0
20,19095,2017-03-10,19:33,3,1,浦和,甲府,埼玉スタジアム2002,1.0,10.7,29.0,29.0,5,3,2017,0,19,20.0,62010,23.0
21,19096,2017-03-11,15:06,3,2,札幌,C大阪,札幌ドーム,0.0,24.1,45.0,43.0,6,3,2017,0,15,14.0,39856,0.0
22,19097,2017-03-11,15:04,3,2,大宮,磐田,NACK5スタジアム大宮,1.0,13.7,20.0,1.0,6,3,2017,0,15,8.0,15491,24.0
23,19098,2017-03-11,15:05,3,2,鳥栖,広島,ベストアメニティスタジアム,1.0,17.0,27.0,15.0,6,3,2017,0,15,27.0,24130,11.0
24,19099,2017-03-11,15:35,3,2,新潟,清水,デンカビッグスワンスタジアム,1.0,8.1,43.0,10.0,6,3,2017,0,15,13.0,41684,21.0
25,19100,2017-03-11,16:05,3,2,仙台,神戸,ユアテックスタジアム仙台,1.0,7.5,37.0,19.0,6,3,2017,0,16,4.0,19694,25.0
26,19101,2017-03-11,19:03,3,2,G大阪,FC東京,市立吹田サッカースタジアム,1.0,7.7,54.0,36.0,6,3,2017,0,19,2.0,39694,1.0
27,19102,2017-03-18,14:03,4,1,札幌,広島,札幌ドーム,0.0,22.7,38.0,43.0,6,3,2017,0,14,14.0,39856,11.0
28,19103,2017-03-18,14:03,4,1,横浜FM,新潟,日産スタジアム,1.0,14.7,28.0,41.0,6,3,2017,0,14,19.0,72081,13.0
29,19104,2017-03-18,14:04,4,1,甲府,大宮,山梨中銀スタジアム,12.0,17.9,20.0,34.0,6,3,2017,0,14,23.0,15859,8.0
30,19105,2017-03-18,14:03,4,1,清水,鹿島,IAIスタジアム日本平,2.0,14.4,42.0,0.0,6,3,2017,0,14,21.0,20248,28.0
31,19106,2017-03-18,15:03,4,1,柏,仙台,日立柏サッカー場,2.0,16.2,25.0,42.0,6,3,2017,0,15,17.0,15109,4.0
32,19107,2017-03-18,15:03,4,1,C大阪,鳥栖,キンチョウスタジアム,12.0,12.6,31.0,8.0,6,3,2017,0,15,0.0,17892,27.0
33,19108,2017-03-18,16:03,4,1,神戸,磐田,ノエビアスタジアム神戸,12.0,13.6,46.0,12.0,6,3,2017,0,16,25.0,28425,24.0
34,19109,2017-03-18,19:04,4,1,FC東京,川崎F,味の素スタジアム,12.0,12.8,59.0,27.0,6,3,2017,0,19,1.0,48999,10.0
35,19110,2017-03-19,17:03,4,2,G大阪,浦和,市立吹田サッカースタジアム,1.0,15.0,30.0,36.0,0,3,2017,0,17,2.0,39694,20.0
36,19111,2017-04-01,14:03,5,1,仙台,川崎F,ユアテックスタジアム仙台,34.0,11.5,72.0,19.0,6,4,2017,0,14,4.0,19694,10.0
37,19112,2017-04-01,14:03,5,1,新潟,G大阪,デンカビッグスワンスタジアム,1.0,10.7,53.0,10.0,6,4,2017,0,14,13.0,41684,2.0
38,19113,2017-04-01,14:04,5,1,広島,柏,エディオンスタジアム広島,1.0,15.3,27.0,7.0,6,4,2017,0,14,11.0,36894,17.0
39,19114,2017-04-01,15:03,5,1,磐田,清水,エコパスタジアム,32.0,17.2,39.0,6.0,6,4,2017,0,15,24.0,51697,21.0
40,19115,2017-04-01,15:03,5,1,C大阪,横浜FM,キンチョウスタジアム,13.0,22.7,20.0,8.0,6,4,2017,0,15,0.0,17892,19.0
41,19116,2017-04-01,16:04,5,1,FC東京,鳥栖,味の素スタジアム,,11.4,62.0,27.0,6,4,2017,0,16,1.0,48999,27.0
42,19117,2017-04-01,16:04,5,1,神戸,浦和,ノエビアスタジアム神戸,1.0,12.0,55.0,12.0,6,4,2017,0,16,25.0,28425,20.0
43,19118,2017-04-01,19:04,5,1,大宮,鹿島,NACK5スタジアム大宮,12.0,8.3,55.0,1.0,6,4,2017,0,19,8.0,15491,28.0
44,19119,2017-04-02,17:04,5,2,甲府,札幌,山梨中銀スタジアム,12.0,13.1,42.0,34.0,0,4,2017,0,17,23.0,15859,14.0
45,19120,2017-04-07,19:03,6,1,G大阪,広島,市立吹田サッカースタジアム,34.0,17.8,84.0,36.0,5,4,2017,0,19,2.0,39694,11.0
46,19121,2017-04-07,19:34,6,1,浦和,仙台,埼玉スタジアム2002,1.0,19.1,64.0,29.0,5,4,2017,0,19,20.0,62010,4.0
47,19122,2017-04-08,14:04,6,2,川崎F,甲府,等々力陸上競技場,32.0,18.7,82.0,55.0,6,4,2017,0,14,10.0,26827,23.0
48,19123,2017-04-08,15:03,6,2,鹿島,C大阪,県立カシマサッカースタジアム,32.0,16.2,81.0,52.0,6,4,2017,0,15,28.0,37496,0.0
49,19124,2017-04-08,15:03,6,2,大宮,神戸,NACK5スタジアム大宮,12.0,16.0,78.0,1.0,6,4,2017,0,15,8.0,15491,25.0
50,19125,2017-04-08,15:03,6,2,柏,清水,日立柏サッカー場,42.0,16.1,85.0,42.0,6,4,2017,0,15,17.0,15109,21.0
51,19126,2017-04-08,15:04,6,2,鳥栖,新潟,ベストアメニティスタジアム,34.0,20.6,86.0,15.0,6,4,2017,0,15,27.0,24130,13.0
52,19127,2017-04-08,19:03,6,2,札幌,FC東京,札幌ドーム,0.0,22.9,50.0,43.0,6,4,2017,0,19,14.0,39856,1.0
53,19128,2017-04-08,19:03,6,2,横浜FM,磐田,日産スタジアム,12.0,17.9,85.0,41.0,6,4,2017,0,19,19.0,72081,24.0
54,19129,2017-04-16,13:08,7,1,札幌,川崎F,札幌ドーム,0.0,23.8,53.0,43.0,0,4,2017,0,13,14.0,39856,10.0
55,19130,2017-04-16,13:05,7,1,甲府,新潟,山梨中銀スタジアム,1.0,27.7,20.0,34.0,0,4,2017,0,13,23.0,15859,13.0
56,19131,2017-04-16,13:06,7,1,清水,大宮,IAIスタジアム日本平,1.0,25.4,40.0,0.0,0,4,2017,0,13,21.0,20248,8.0
57,19132,2017-04-16,14:04,7,1,FC東京,浦和,味の素スタジアム,1.0,26.3,30.0,27.0,0,4,2017,0,14,1.0,48999,20.0
58,19133,2017-04-16,14:01,7,1,C大阪,G大阪,ヤンマースタジアム長居,1.0,23.3,54.0,18.0,0,4,2017,0,14,0.0,47853,2.0
59,19134,2017-04-16,15:03,7,1,磐田,鳥栖,ヤマハスタジアム(磐田),1.0,24.0,42.0,17.0,0,4,2017,0,15,24.0,15165,27.0
60,19135,2017-04-16,16:03,7,1,神戸,柏,ノエビアスタジアム神戸,1.0,21.3,66.0,12.0,0,4,2017,0,16,25.0,28425,17.0
61,19136,2017-04-16,17:04,7,1,広島,横浜FM,エディオンスタジアム広島,1.0,25.2,80.0,7.0,0,4,2017,0,17,11.0,36894,19.0
62,19137,2017-04-16,19:03,7,1,仙台,鹿島,ユアテックスタジアム仙台,1.0,20.4,43.0,19.0,0,4,2017,0,19,4.0,19694,28.0
63,19138,2017-04-21,19:03,8,1,川崎F,清水,等々力陸上競技場,12.0,19.8,64.0,55.0,5,4,2017,0,19,10.0,26827,21.0
64,19139,2017-04-21,19:03,8,1,G大阪,大宮,市立吹田サッカースタジアム,12.0,17.2,47.0,36.0,5,4,2017,0,19,2.0,39694,8.0
65,19140,2017-04-22,14:04,8,2,浦和,札幌,埼玉スタジアム2002,12.0,18.6,45.0,29.0,6,4,2017,0,14,20.0,62010,14.0
66,19141,2017-04-22,14:03,8,2,甲府,C大阪,山梨中銀スタジアム,1.0,23.0,30.0,34.0,6,4,2017,0,14,23.0,15859,0.0
67,19142,2017-04-22,14:04,8,2,広島,仙台,エディオンスタジアム広島,1.0,21.2,27.0,7.0,6,4,2017,0,14,11.0,36894,4.0
68,19143,2017-04-22,15:03,8,2,鹿島,磐田,県立カシマサッカースタジアム,12.0,19.2,58.0,52.0,6,4,2017,0,15,28.0,37496,24.0
69,19144,2017-04-22,15:03,8,2,柏,横浜FM,日立柏サッカー場,38.0,17.5,56.0,42.0,6,4,2017,0,15,17.0,15109,19.0
70,19145,2017-04-22,16:03,8,2,新潟,FC東京,デンカビッグスワンスタジアム,1.0,13.2,56.0,10.0,6,4,2017,0,16,13.0,41684,1.0
71,19146,2017-04-22,19:04,8,2,鳥栖,神戸,ベストアメニティスタジアム,1.0,17.0,50.0,15.0,6,4,2017,0,19,27.0,24130,25.0
72,19147,2017-04-30,13:03,9,1,清水,仙台,IAIスタジアム日本平,1.0,23.0,50.0,0.0,0,4,2017,0,13,21.0,20248,4.0
73,19148,2017-04-30,14:03,9,1,新潟,柏,デンカビッグスワンスタジアム,1.0,23.9,32.0,10.0,0,4,2017,0,14,13.0,41684,17.0
74,19149,2017-04-30,15:04,9,1,大宮,浦和,NACK5スタジアム大宮,1.0,26.8,21.0,1.0,0,4,2017,0,15,8.0,15491,20.0
75,19150,2017-04-30,15:04,9,1,FC東京,広島,味の素スタジアム,1.0,23.2,43.0,27.0,0,4,2017,0,15,1.0,48999,11.0
76,19151,2017-04-30,15:03,9,1,磐田,札幌,ヤマハスタジアム(磐田),1.0,23.7,42.0,17.0,0,4,2017,0,15,24.0,15165,14.0
77,19152,2017-04-30,16:03,9,1,鹿島,鳥栖,県立カシマサッカースタジアム,1.0,20.7,52.0,52.0,0,4,2017,0,16,28.0,37496,27.0
78,19153,2017-04-30,16:03,9,1,神戸,甲府,ノエビアスタジアム神戸,1.0,21.7,62.0,12.0,0,4,2017,0,16,25.0,28425,23.0
79,19154,2017-04-30,17:03,9,1,横浜FM,G大阪,日産スタジアム,1.0,21.7,39.0,41.0,0,4,2017,0,17,19.0,72081,2.0
80,19155,2017-04-30,19:05,9,1,C大阪,川崎F,ヤンマースタジアム長居,12.0,20.5,55.0,18.0,0,4,2017,0,19,0.0,47853,10.0
81,19156,2017-05-04,14:02,10,1,浦和,鹿島,埼玉スタジアム2002,1.0,22.2,42.0,29.0,4,5,2017,1,14,20.0,62010,28.0
82,19157,2017-05-05,14:03,10,2,G大阪,清水,市立吹田サッカースタジアム,1.0,25.5,48.0,36.0,5,5,2017,1,14,2.0,39694,21.0
83,19158,2017-05-05,15:03,10,2,川崎F,新潟,等々力陸上競技場,1.0,24.4,45.0,55.0,5,5,2017,1,15,10.0,26827,13.0
84,19159,2017-05-06,13:03,10,3,札幌,大宮,札幌ドーム,0.0,23.9,53.0,43.0,6,5,2017,0,13,14.0,39856,8.0
85,19160,2017-05-06,14:03,10,3,柏,C大阪,日立柏サッカー場,1.0,27.8,59.0,42.0,6,5,2017,0,14,17.0,15109,0.0
86,19161,2017-05-06,19:05,10,3,広島,神戸,エディオンスタジアム広島,1.0,23.5,72.0,7.0,6,5,2017,0,19,11.0,36894,25.0
87,19162,2017-05-07,14:05,10,4,仙台,FC東京,ユアテックスタジアム仙台,1.0,21.5,28.0,19.0,0,5,2017,0,14,4.0,19694,1.0
88,19163,2017-05-07,14:03,10,4,甲府,磐田,山梨中銀スタジアム,12.0,27.2,20.0,34.0,0,5,2017,0,14,23.0,15859,24.0
89,19164,2017-05-07,17:04,10,4,鳥栖,横浜FM,ベストアメニティスタジアム,1.0,24.1,30.0,15.0,0,5,2017,0,17,27.0,24130,19.0
90,19165,2017-05-14,13:03,11,1,清水,鳥栖,IAIスタジアム日本平,13.0,23.8,58.0,0.0,0,5,2017,0,13,21.0,20248,27.0
91,19166,2017-05-14,14:03,11,1,鹿島,神戸,県立カシマサッカースタジアム,12.0,18.4,84.0,52.0,0,5,2017,0,14,28.0,37496,25.0
92,19167,2017-05-14,14:03,11,1,横浜FM,甲府,ニッパツ三ツ沢球技場,12.0,21.5,59.0,11.0,0,5,2017,0,14,19.0,15440,23.0
93,19168,2017-05-14,14:03,11,1,新潟,浦和,デンカビッグスワンスタジアム,1.0,24.0,54.0,10.0,0,5,2017,0,14,13.0,41684,20.0
94,19169,2017-05-14,15:04,11,1,FC東京,柏,味の素スタジアム,12.0,22.2,57.0,27.0,0,5,2017,0,15,1.0,48999,17.0
95,19170,2017-05-14,15:03,11,1,磐田,川崎F,ヤマハスタジアム(磐田),1.0,24.2,51.0,17.0,0,5,2017,0,15,24.0,15165,10.0
96,19171,2017-05-14,15:03,11,1,C大阪,広島,キンチョウスタジアム,1.0,27.1,32.0,8.0,0,5,2017,0,15,0.0,17892,11.0
97,19172,2017-05-14,17:04,11,1,大宮,仙台,NACK5スタジアム大宮,13.0,22.0,54.0,1.0,0,5,2017,0,17,8.0,15491,4.0
98,19173,2017-05-14,19:03,11,1,札幌,G大阪,札幌ドーム,0.0,22.6,49.0,43.0,0,5,2017,0,19,14.0,39856,2.0
99,19174,2017-05-19,19:03,12,1,鹿島,川崎F,県立カシマサッカースタジアム,1.0,21.3,78.0,52.0,5,5,2017,0,19,28.0,37496,10.0
100,19175,2017-05-20,14:04,12,2,浦和,清水,埼玉スタジアム2002,1.0,27.7,44.0,29.0,6,5,2017,0,14,20.0,62010,21.0
101,19176,2017-05-20,14:03,12,2,横浜FM,仙台,日産スタジアム,1.0,28.5,45.0,41.0,6,5,2017,0,14,19.0,72081,4.0
102,19177,2017-05-20,14:03,12,2,甲府,広島,山梨中銀スタジアム,1.0,33.4,23.0,34.0,6,5,2017,0,14,23.0,15859,11.0
103,19178,2017-05-20,14:03,12,2,新潟,札幌,デンカビッグスワンスタジアム,1.0,27.3,38.0,10.0,6,5,2017,0,14,13.0,41684,14.0
104,19179,2017-05-20,14:04,12,2,磐田,柏,ヤマハスタジアム(磐田),1.0,25.8,48.0,17.0,6,5,2017,0,14,24.0,15165,17.0
105,19180,2017-05-20,16:03,12,2,大宮,C大阪,NACK5スタジアム大宮,1.0,30.3,35.0,1.0,6,5,2017,0,16,8.0,15491,0.0
106,19181,2017-05-20,19:03,12,2,G大阪,鳥栖,市立吹田サッカースタジアム,1.0,24.1,37.0,36.0,6,5,2017,0,19,2.0,39694,27.0
107,19182,2017-05-20,19:04,12,2,神戸,FC東京,ノエビアスタジアム神戸,1.0,22.0,71.0,12.0,6,5,2017,0,19,25.0,28425,1.0
108,19183,2017-05-27,14:03,13,1,清水,横浜FM,IAIスタジアム日本平,1.0,25.2,47.0,0.0,6,5,2017,0,14,21.0,20248,19.0
109,19184,2017-05-27,14:05,13,1,広島,磐田,エディオンスタジアム広島,1.0,24.3,52.0,7.0,6,5,2017,0,14,11.0,36894,24.0
110,19185,2017-05-27,15:03,13,1,柏,大宮,日立柏サッカー場,13.0,25.0,57.0,42.0,6,5,2017,0,15,17.0,15109,8.0
111,19186,2017-05-27,19:04,13,1,鳥栖,札幌,ベストアメニティスタジアム,1.0,22.8,46.0,15.0,6,5,2017,0,19,27.0,24130,14.0
112,19187,2017-07-05,19:03,13,3,川崎F,浦和,等々力陸上競技場,12.0,27.6,80.0,55.0,3,7,2017,0,19,10.0,26827,20.0
113,19188,2017-07-05,19:03,13,3,G大阪,鹿島,市立吹田サッカースタジアム,12.0,25.1,64.0,36.0,3,7,2017,0,19,2.0,39694,28.0
114,19189,2017-05-28,13:04,13,2,仙台,新潟,ユアテックスタジアム仙台,1.0,23.8,47.0,19.0,0,5,2017,0,13,4.0,19694,13.0
115,19190,2017-05-28,16:04,13,2,FC東京,甲府,味の素スタジアム,1.0,24.1,58.0,27.0,0,5,2017,0,16,1.0,48999,23.0
116,19191,2017-05-28,17:03,13,2,神戸,C大阪,ノエビアスタジアム神戸,1.0,22.8,52.0,12.0,0,5,2017,0,17,25.0,28425,0.0
117,19192,2017-06-04,13:03,14,1,札幌,神戸,札幌ドーム,0.0,22.6,53.0,43.0,0,6,2017,0,13,14.0,39856,25.0
118,19193,2017-06-04,13:03,14,1,清水,FC東京,IAIスタジアム日本平,1.0,23.2,55.0,0.0,0,6,2017,0,13,21.0,20248,1.0
119,19194,2017-06-04,14:03,14,1,広島,鹿島,エディオンスタジアム広島,1.0,26.7,36.0,7.0,0,6,2017,0,14,11.0,36894,28.0
120,19195,2017-06-04,15:03,14,1,仙台,甲府,ユアテックスタジアム仙台,1.0,20.0,42.0,19.0,0,6,2017,0,15,4.0,19694,23.0
121,19196,2017-06-04,15:03,14,1,磐田,G大阪,ヤマハスタジアム(磐田),1.0,27.2,30.0,17.0,0,6,2017,0,15,24.0,15165,2.0
122,19197,2017-06-04,15:03,14,1,C大阪,新潟,キンチョウスタジアム,1.0,30.5,20.0,8.0,0,6,2017,0,15,0.0,17892,13.0
123,19198,2017-06-04,16:03,14,1,大宮,鳥栖,NACK5スタジアム大宮,1.0,24.7,26.0,1.0,0,6,2017,0,16,8.0,15491,27.0
124,19199,2017-06-04,17:03,14,1,横浜FM,川崎F,日産スタジアム,1.0,22.7,41.0,41.0,0,6,2017,0,17,19.0,72081,10.0
125,19200,2017-06-04,19:04,14,1,柏,浦和,日立柏サッカー場,12.0,23.2,54.0,42.0,0,6,2017,0,19,17.0,15109,20.0
126,19201,2017-06-17,18:33,15,1,鹿島,札幌,県立カシマサッカースタジアム,1.0,20.1,90.0,52.0,6,6,2017,0,18,28.0,37496,14.0
127,19202,2017-06-17,19:03,15,1,川崎F,広島,等々力陸上競技場,1.0,23.0,67.0,55.0,6,6,2017,0,19,10.0,26827,11.0
128,19203,2017-06-17,19:04,15,1,甲府,柏,山梨中銀スタジアム,1.0,25.2,54.0,34.0,6,6,2017,0,19,23.0,15859,17.0
129,19204,2017-06-17,19:03,15,1,新潟,大宮,デンカビッグスワンスタジアム,12.0,20.6,63.0,10.0,6,6,2017,0,19,13.0,41684,8.0
130,19205,2017-06-17,19:03,15,1,C大阪,清水,ヤンマースタジアム長居,12.0,22.9,64.0,18.0,6,6,2017,0,19,0.0,47853,21.0
131,19206,2017-06-17,19:03,15,1,神戸,G大阪,ノエビアスタジアム神戸,1.0,22.5,67.0,12.0,6,6,2017,0,19,25.0,28425,2.0
132,19207,2017-06-17,19:04,15,1,鳥栖,仙台,ベストアメニティスタジアム,1.0,25.1,46.0,15.0,6,6,2017,0,19,27.0,24130,4.0
133,19208,2017-06-18,18:04,15,2,FC東京,横浜FM,味の素スタジアム,14.0,20.8,89.0,27.0,0,6,2017,0,18,1.0,48999,19.0
134,19209,2017-06-18,18:33,15,2,浦和,磐田,埼玉スタジアム2002,32.0,21.9,68.0,29.0,0,6,2017,0,18,20.0,62010,24.0
135,19210,2017-06-25,18:03,16,1,仙台,C大阪,ユアテックスタジアム仙台,32.0,23.7,83.0,19.0,0,6,2017,0,18,4.0,19694,0.0
136,19211,2017-06-25,18:03,16,1,横浜FM,神戸,日産スタジアム,12.0,23.0,80.0,41.0,0,6,2017,0,18,19.0,72081,25.0
137,19212,2017-06-25,18:03,16,1,清水,甲府,IAIスタジアム日本平,12.0,22.2,89.0,0.0,0,6,2017,0,18,21.0,20248,23.0
138,19213,2017-06-25,18:03,16,1,磐田,FC東京,ヤマハスタジアム(磐田),12.0,25.4,62.0,17.0,0,6,2017,0,18,24.0,15165,1.0
139,19214,2017-06-25,18:34,16,1,鹿島,新潟,県立カシマサッカースタジアム,12.0,24.0,85.0,52.0,0,6,2017,0,18,28.0,37496,13.0
140,19215,2017-06-25,18:33,16,1,広島,大宮,エディオンスタジアム広島,12.0,25.9,74.0,7.0,0,6,2017,0,18,11.0,36894,8.0
141,19216,2017-06-25,19:03,16,1,柏,札幌,日立柏サッカー場,12.0,24.7,82.0,42.0,0,6,2017,0,19,17.0,15109,14.0
142,19217,2017-06-25,19:04,16,1,G大阪,川崎F,市立吹田サッカースタジアム,17.0,23.8,71.0,36.0,0,6,2017,0,19,2.0,39694,10.0
143,19218,2017-06-25,19:04,16,1,鳥栖,浦和,ベストアメニティスタジアム,34.0,24.6,83.0,15.0,0,6,2017,0,19,27.0,24130,20.0
144,19219,2017-07-01,14:03,17,1,札幌,清水,札幌ドーム,0.0,25.9,69.0,43.0,6,7,2017,0,14,14.0,39856,21.0
145,19220,2017-07-01,19:03,17,1,仙台,G大阪,ユアテックスタジアム仙台,1.0,25.8,70.0,19.0,6,7,2017,0,19,4.0,19694,2.0
146,19221,2017-07-01,19:04,17,1,浦和,広島,埼玉スタジアム2002,12.0,24.5,72.0,29.0,6,7,2017,0,19,20.0,62010,11.0
147,19222,2017-07-01,19:03,17,1,大宮,横浜FM,NACK5スタジアム大宮,12.0,25.0,78.0,1.0,6,7,2017,0,19,8.0,15491,19.0
148,19223,2017-07-01,19:03,17,1,川崎F,神戸,等々力陸上競技場,1.0,25.0,77.0,55.0,6,7,2017,0,19,10.0,26827,25.0
149,19224,2017-07-01,19:04,17,1,新潟,磐田,デンカビッグスワンスタジアム,12.0,24.3,72.0,10.0,6,7,2017,0,19,13.0,41684,24.0
150,19225,2017-07-02,18:03,17,2,甲府,鳥栖,山梨中銀スタジアム,13.0,28.2,66.0,34.0,0,7,2017,0,18,23.0,15859,27.0
151,19226,2017-07-02,18:33,17,2,柏,鹿島,日立柏サッカー場,1.0,29.3,69.0,42.0,0,7,2017,0,18,17.0,15109,28.0
152,19227,2017-07-02,19:03,17,2,C大阪,FC東京,キンチョウスタジアム,12.0,28.8,69.0,8.0,0,7,2017,0,19,0.0,17892,1.0
153,19228,2017-07-08,18:03,18,1,清水,G大阪,IAIスタジアム日本平,1.0,26.4,74.0,0.0,6,7,2017,0,18,21.0,20248,2.0
154,19229,2017-07-08,19:03,18,1,大宮,札幌,NACK5スタジアム大宮,1.0,29.1,53.0,1.0,6,7,2017,0,19,8.0,15491,14.0
155,19230,2017-07-08,19:03,18,1,FC東京,鹿島,味の素スタジアム,1.0,27.8,64.0,27.0,6,7,2017,0,19,1.0,48999,28.0
156,19231,2017-07-08,19:03,18,1,横浜FM,広島,日産スタジアム,1.0,27.1,59.0,41.0,6,7,2017,0,19,19.0,72081,11.0
157,19232,2017-07-08,19:03,18,1,磐田,甲府,ヤマハスタジアム(磐田),1.0,27.1,67.0,17.0,6,7,2017,0,19,24.0,15165,23.0
158,19233,2017-07-08,19:03,18,1,C大阪,柏,キンチョウスタジアム,12.0,28.3,75.0,8.0,6,7,2017,0,19,0.0,17892,17.0
159,19234,2017-07-08,19:04,18,1,神戸,仙台,ノエビアスタジアム神戸,12.0,26.2,87.0,12.0,6,7,2017,0,19,25.0,28425,4.0
160,19235,2017-07-08,19:03,18,1,鳥栖,川崎F,ベストアメニティスタジアム,12.0,28.3,78.0,15.0,6,7,2017,0,19,27.0,24130,10.0
161,19236,2017-07-09,18:33,18,2,浦和,新潟,埼玉スタジアム2002,1.0,29.5,61.0,29.0,0,7,2017,0,18,20.0,62010,13.0
162,19237,2017-07-29,14:03,19,1,札幌,浦和,札幌ドーム,0.0,26.2,67.0,43.0,6,7,2017,0,14,14.0,39856,20.0
163,19238,2017-07-29,18:33,19,1,鹿島,甲府,県立カシマサッカースタジアム,12.0,23.7,89.0,52.0,6,7,2017,0,18,28.0,37496,23.0
164,19239,2017-07-29,19:03,19,1,川崎F,磐田,等々力陸上競技場,32.0,25.9,94.0,55.0,6,7,2017,0,19,10.0,26827,24.0
165,19240,2017-07-29,19:03,19,1,横浜FM,清水,日産スタジアム,32.0,25.4,90.0,41.0,6,7,2017,0,19,19.0,72081,21.0
166,19241,2017-07-29,19:03,19,1,G大阪,C大阪,市立吹田サッカースタジアム,1.0,30.0,66.0,36.0,6,7,2017,0,19,2.0,39694,0.0
167,19242,2017-07-29,19:03,19,1,神戸,大宮,ノエビアスタジアム神戸,1.0,29.5,82.0,12.0,6,7,2017,0,19,25.0,28425,8.0
168,19243,2017-07-30,18:33,19,2,仙台,柏,ユアテックスタジアム仙台,12.0,25.2,78.0,19.0,0,7,2017,0,18,4.0,19694,17.0
169,19244,2017-07-30,18:34,19,2,広島,鳥栖,エディオンスタジアム広島,2.0,29.3,83.0,7.0,0,7,2017,0,18,11.0,36894,27.0
170,19245,2017-07-30,19:04,19,2,FC東京,新潟,味の素スタジアム,12.0,27.2,76.0,27.0,0,7,2017,0,19,1.0,48999,13.0
171,19246,2017-08-05,18:03,20,1,甲府,G大阪,山梨中銀スタジアム,1.0,30.6,62.0,34.0,6,8,2017,0,18,23.0,15859,2.0
172,19247,2017-08-05,18:33,20,1,鹿島,仙台,県立カシマサッカースタジアム,,26.0,90.0,52.0,6,8,2017,0,18,28.0,37496,4.0
173,19248,2017-08-05,19:04,20,1,浦和,大宮,埼玉スタジアム2002,2.0,27.9,72.0,29.0,6,8,2017,0,19,20.0,62010,8.0
174,19249,2017-08-05,19:03,20,1,柏,神戸,日立柏サッカー場,13.0,28.4,73.0,42.0,6,8,2017,0,19,17.0,15109,25.0
175,19250,2017-08-05,19:03,20,1,川崎F,FC東京,等々力陸上競技場,13.0,28.2,84.0,55.0,6,8,2017,0,19,10.0,26827,1.0
176,19251,2017-08-05,19:03,20,1,新潟,横浜FM,デンカビッグスワンスタジアム,1.0,28.1,62.0,10.0,6,8,2017,0,19,13.0,41684,19.0
177,19252,2017-08-05,19:03,20,1,磐田,広島,ヤマハスタジアム(磐田),1.0,26.8,79.0,17.0,6,8,2017,0,19,24.0,15165,11.0
178,19253,2017-08-05,19:04,20,1,C大阪,札幌,キンチョウスタジアム,14.0,30.7,66.0,8.0,6,8,2017,0,19,0.0,17892,14.0
179,19254,2017-08-05,19:03,20,1,鳥栖,清水,ベストアメニティスタジアム,1.0,30.8,56.0,15.0,6,8,2017,0,19,27.0,24130,21.0
180,19255,2017-08-09,19:03,21,1,札幌,横浜FM,札幌ドーム,0.0,25.9,62.0,43.0,3,8,2017,0,19,14.0,39856,19.0
181,19256,2017-08-09,19:04,21,1,仙台,磐田,ユアテックスタジアム仙台,12.0,23.0,82.0,19.0,3,8,2017,0,19,4.0,19694,24.0
182,19257,2017-08-09,19:03,21,1,大宮,FC東京,NACK5スタジアム大宮,13.0,28.1,65.0,1.0,3,8,2017,0,19,8.0,15491,1.0
183,19258,2017-08-09,19:03,21,1,柏,鳥栖,日立柏サッカー場,12.0,27.5,70.0,42.0,3,8,2017,0,19,17.0,15109,27.0
184,19259,2017-08-09,19:03,21,1,甲府,浦和,山梨中銀スタジアム,1.0,32.1,55.0,34.0,3,8,2017,0,19,23.0,15859,20.0
185,19260,2017-08-09,19:03,21,1,新潟,川崎F,デンカビッグスワンスタジアム,1.0,26.9,70.0,10.0,3,8,2017,0,19,13.0,41684,10.0
186,19261,2017-08-09,19:03,21,1,清水,C大阪,IAIスタジアム日本平,1.0,29.0,71.0,0.0,3,8,2017,0,19,21.0,20248,0.0
187,19262,2017-08-09,19:03,21,1,神戸,鹿島,ノエビアスタジアム神戸,1.0,29.5,65.0,12.0,3,8,2017,0,19,25.0,28425,28.0
188,19263,2017-08-09,19:04,21,1,広島,G大阪,エディオンスタジアム広島,14.0,27.3,95.0,7.0,3,8,2017,0,19,11.0,36894,2.0
189,19264,2017-07-22,19:04,22,1,C大阪,浦和,ヤンマースタジアム長居,1.0,29.4,73.0,18.0,6,7,2017,0,19,0.0,47853,20.0
190,19265,2017-08-13,13:03,22,2,札幌,甲府,札幌ドーム,0.0,25.4,61.0,43.0,0,8,2017,0,13,14.0,39856,23.0
191,19266,2017-08-13,18:03,22,2,清水,柏,IAIスタジアム日本平,12.0,27.2,81.0,0.0,0,8,2017,0,18,21.0,20248,17.0
192,19267,2017-08-13,18:33,22,2,G大阪,磐田,市立吹田サッカースタジアム,1.0,28.2,60.0,36.0,0,8,2017,0,18,2.0,39694,24.0
193,19268,2017-08-13,19:03,22,2,仙台,広島,ユアテックスタジアム仙台,12.0,24.8,83.0,19.0,0,8,2017,0,19,4.0,19694,11.0
194,19269,2017-08-13,19:03,22,2,大宮,新潟,NACK5スタジアム大宮,12.0,27.3,63.0,1.0,0,8,2017,0,19,8.0,15491,13.0
195,19270,2017-08-13,19:03,22,2,FC東京,神戸,味の素スタジアム,14.0,26.2,85.0,27.0,0,8,2017,0,19,1.0,48999,25.0
196,19271,2017-08-13,19:03,22,2,川崎F,鹿島,等々力陸上競技場,8.0,27.2,87.0,55.0,0,8,2017,0,19,10.0,26827,28.0
197,19272,2017-08-13,19:03,22,2,横浜FM,鳥栖,ニッパツ三ツ沢球技場,1.0,26.8,82.0,11.0,0,8,2017,0,19,19.0,15440,27.0
198,19273,2017-08-19,19:03,23,1,新潟,仙台,デンカビッグスワンスタジアム,12.0,26.1,70.0,10.0,6,8,2017,0,19,13.0,41684,4.0
199,19274,2017-08-19,18:33,23,1,磐田,C大阪,ヤマハスタジアム(磐田),1.0,28.7,75.0,17.0,6,8,2017,0,18,24.0,15165,0.0
200,19275,2017-08-20,18:33,23,2,神戸,横浜FM,ノエビアスタジアム神戸,1.0,28.8,82.0,12.0,0,8,2017,0,18,25.0,28425,19.0
201,19276,2017-08-19,19:04,23,1,広島,甲府,エディオンスタジアム広島,1.0,28.5,75.0,7.0,6,8,2017,0,19,11.0,36894,23.0
202,19277,2017-08-19,19:03,23,1,鳥栖,大宮,ベストアメニティスタジアム,1.0,28.8,67.0,15.0,6,8,2017,0,19,27.0,24130,8.0
203,19278,2017-08-19,18:33,23,1,鹿島,清水,県立カシマサッカースタジアム,12.0,23.8,90.0,52.0,6,8,2017,0,18,28.0,37496,21.0
204,19279,2017-08-19,20:00,23,1,浦和,FC東京,埼玉スタジアム2002,32.0,24.6,85.0,29.0,6,8,2017,0,20,20.0,62010,1.0
205,19280,2017-08-19,19:03,23,1,川崎F,札幌,等々力陸上競技場,40.0,24.6,94.0,55.0,6,8,2017,0,19,10.0,26827,14.0
206,19281,2017-08-19,19:03,23,1,G大阪,柏,市立吹田サッカースタジアム,1.0,29.3,65.0,36.0,6,8,2017,0,19,2.0,39694,17.0
207,19282,2017-08-26,14:02,24,1,札幌,仙台,札幌厚別公園競技場,12.0,25.2,52.0,44.0,6,8,2017,0,14,14.0,19620,4.0
208,19283,2017-08-26,19:03,24,1,大宮,広島,NACK5スタジアム大宮,12.0,28.1,62.0,1.0,6,8,2017,0,19,8.0,15491,11.0
209,19284,2017-08-26,19:03,24,1,柏,新潟,日立柏サッカー場,12.0,28.2,59.0,42.0,6,8,2017,0,19,17.0,15109,13.0
210,19285,2017-08-26,19:03,24,1,横浜FM,FC東京,日産スタジアム,12.0,29.3,59.0,41.0,6,8,2017,0,19,19.0,72081,1.0
211,19286,2017-08-26,19:03,24,1,磐田,神戸,ヤマハスタジアム(磐田),1.0,28.0,57.0,17.0,6,8,2017,0,19,24.0,15165,25.0
212,19287,2017-08-27,18:03,24,2,甲府,川崎F,山梨中銀スタジアム,12.0,28.7,55.0,34.0,0,8,2017,0,18,23.0,15859,10.0
213,19288,2017-08-27,18:03,24,2,清水,浦和,IAIスタジアム日本平,1.0,26.6,65.0,0.0,0,8,2017,0,18,21.0,20248,20.0
214,19289,2017-08-26,19:03,24,1,C大阪,鹿島,ヤンマースタジアム長居,12.0,29.3,54.0,18.0,6,8,2017,0,19,0.0,47853,28.0
215,19290,2017-08-26,19:03,24,1,鳥栖,G大阪,ベストアメニティスタジアム,1.0,27.1,66.0,15.0,6,8,2017,0,19,27.0,24130,2.0
216,19291,2017-09-09,13:03,25,1,札幌,磐田,札幌ドーム,0.0,24.5,64.0,43.0,6,9,2017,0,13,14.0,39856,24.0
217,19292,2017-09-10,18:35,25,2,仙台,鳥栖,ユアテックスタジアム仙台,1.0,24.8,65.0,19.0,0,9,2017,0,18,4.0,19694,27.0
218,19293,2017-09-09,19:03,25,1,FC東京,C大阪,味の素スタジアム,1.0,25.1,77.0,27.0,6,9,2017,0,19,1.0,48999,0.0
219,19294,2017-09-09,18:06,25,1,甲府,清水,山梨中銀スタジアム,1.0,26.5,60.0,34.0,6,9,2017,0,18,23.0,15859,21.0
220,19295,2017-09-09,19:06,25,1,新潟,広島,デンカビッグスワンスタジアム,1.0,25.5,60.0,10.0,6,9,2017,0,19,13.0,41684,11.0
221,19296,2017-09-09,18:35,25,1,鹿島,大宮,県立カシマサッカースタジアム,1.0,23.4,72.0,52.0,6,9,2017,0,18,28.0,37496,8.0
222,19297,2017-09-09,19:03,25,1,浦和,柏,埼玉スタジアム2002,1.0,25.6,64.0,29.0,6,9,2017,0,19,20.0,62010,17.0
223,19298,2017-09-09,19:04,25,1,川崎F,横浜FM,等々力陸上競技場,1.0,25.1,74.0,55.0,6,9,2017,0,19,10.0,26827,19.0
224,19299,2017-09-09,19:04,25,1,G大阪,神戸,市立吹田サッカースタジアム,1.0,27.0,67.0,36.0,6,9,2017,0,19,2.0,39694,25.0
225,19300,2017-09-16,18:03,26,1,大宮,G大阪,熊谷スポーツ文化公園陸上競技場,32.0,21.2,74.0,51.0,6,9,2017,0,18,8.0,15002,2.0
226,19301,2017-09-16,19:03,26,1,FC東京,仙台,味の素スタジアム,32.0,19.3,78.0,27.0,6,9,2017,0,19,1.0,48999,4.0
227,19302,2017-09-16,19:03,26,1,横浜FM,柏,日産スタジアム,32.0,20.1,80.0,41.0,6,9,2017,0,19,19.0,72081,17.0
228,19303,2017-09-16,18:03,26,1,新潟,鹿島,デンカビッグスワンスタジアム,12.0,22.5,49.0,10.0,6,9,2017,0,18,13.0,41684,28.0
229,19304,2017-09-16,18:03,26,1,清水,川崎F,IAIスタジアム日本平,32.0,19.8,82.0,0.0,6,9,2017,0,18,21.0,20248,10.0
230,19305,2017-09-17,16:03,26,2,磐田,浦和,エコパスタジアム,12.0,25.8,62.0,6.0,0,9,2017,0,16,24.0,51697,20.0
231,19306,2017-09-16,19:03,26,1,神戸,札幌,神戸総合運動公園ユニバー記念競技場,32.0,20.4,76.0,54.0,6,9,2017,0,19,25.0,35910,14.0
232,19307,2017-09-16,18:33,26,1,広島,C大阪,エディオンスタジアム広島,29.0,25.1,82.0,7.0,6,9,2017,0,18,11.0,36894,0.0
233,19308,2017-09-16,19:03,26,1,鳥栖,甲府,ベストアメニティスタジアム,12.0,23.4,75.0,15.0,6,9,2017,0,19,27.0,24130,23.0
234,19309,2017-09-23,14:03,27,1,札幌,新潟,札幌ドーム,0.0,23.7,66.0,43.0,6,9,2017,1,14,14.0,39856,13.0
235,19310,2017-09-23,19:03,27,1,鹿島,G大阪,県立カシマサッカースタジアム,12.0,20.0,78.0,52.0,6,9,2017,1,19,28.0,37496,2.0
236,19311,2017-09-23,16:04,27,1,浦和,鳥栖,埼玉スタジアム2002,1.0,23.6,60.0,29.0,6,9,2017,1,16,20.0,62010,27.0
237,19312,2017-09-23,16:04,27,1,柏,FC東京,日立柏サッカー場,20.0,23.7,47.0,42.0,6,9,2017,1,16,17.0,15109,1.0
238,19313,2017-09-23,18:03,27,1,甲府,横浜FM,山梨中銀スタジアム,1.0,24.1,68.0,34.0,6,9,2017,1,18,23.0,15859,19.0
239,19314,2017-09-23,15:03,27,1,清水,広島,IAIスタジアム日本平,12.0,25.8,60.0,0.0,6,9,2017,1,15,21.0,20248,11.0
240,19315,2017-09-23,16:03,27,1,磐田,大宮,ヤマハスタジアム(磐田),12.0,27.0,61.0,17.0,6,9,2017,1,16,24.0,15165,8.0
241,19316,2017-09-23,19:03,27,1,C大阪,仙台,キンチョウスタジアム,12.0,24.0,70.0,8.0,6,9,2017,1,19,0.0,17892,4.0
242,19317,2017-09-23,19:03,27,1,神戸,川崎F,ノエビアスタジアム神戸,12.0,24.8,73.0,12.0,6,9,2017,1,19,25.0,28425,10.0
243,19318,2017-10-01,14:03,28,2,仙台,浦和,ユアテックスタジアム仙台,1.0,23.1,52.0,19.0,0,10,2017,0,14,4.0,19694,20.0
244,19319,2017-09-30,19:03,28,1,大宮,清水,NACK5スタジアム大宮,1.0,22.6,67.0,1.0,6,9,2017,0,19,8.0,15491,21.0
245,19320,2017-09-30,16:03,28,1,柏,甲府,日立柏サッカー場,13.0,25.6,46.0,42.0,6,9,2017,0,16,17.0,15109,23.0
246,19321,2017-09-30,16:03,28,1,FC東京,磐田,味の素スタジアム,1.0,24.1,57.0,27.0,6,9,2017,0,16,1.0,48999,24.0
247,19322,2017-09-30,19:03,28,1,川崎F,C大阪,等々力陸上競技場,1.0,23.7,71.0,55.0,6,9,2017,0,19,10.0,26827,0.0
248,19323,2017-09-30,15:32,28,1,新潟,神戸,デンカビッグスワンスタジアム,1.0,23.1,56.0,10.0,6,9,2017,0,15,13.0,41684,25.0
249,19324,2017-09-30,19:03,28,1,G大阪,横浜FM,市立吹田サッカースタジアム,1.0,20.7,40.0,36.0,6,9,2017,0,19,2.0,39694,19.0
250,19325,2017-09-30,16:03,28,1,広島,札幌,エディオンスタジアム広島,1.0,25.7,40.0,7.0,6,9,2017,0,16,11.0,36894,14.0
251,19326,2017-09-30,15:03,28,1,鳥栖,鹿島,ベストアメニティスタジアム,1.0,26.4,20.0,15.0,6,9,2017,0,15,27.0,24130,28.0
252,19327,2017-10-14,13:03,29,1,札幌,柏,札幌厚別公園競技場,1.0,15.8,31.0,44.0,6,10,2017,0,13,14.0,19620,17.0
253,19328,2017-10-14,15:03,29,1,鹿島,広島,県立カシマサッカースタジアム,,21.2,73.0,52.0,6,10,2017,0,15,28.0,37496,11.0
254,19329,2017-10-14,19:03,29,1,浦和,神戸,埼玉スタジアム2002,12.0,17.1,76.0,29.0,6,10,2017,0,19,20.0,62010,25.0
255,19330,2017-10-14,15:03,29,1,川崎F,仙台,等々力陸上競技場,14.0,21.0,61.0,55.0,6,10,2017,0,15,10.0,26827,4.0
256,19331,2017-10-14,14:03,29,1,横浜FM,大宮,日産スタジアム,14.0,17.4,69.0,41.0,6,10,2017,0,14,19.0,72081,8.0
257,19332,2017-10-15,14:03,29,2,甲府,FC東京,山梨中銀スタジアム,32.0,19.6,70.0,34.0,0,10,2017,0,14,23.0,15859,1.0
258,19333,2017-10-14,14:03,29,1,清水,磐田,IAIスタジアム日本平,14.0,18.5,79.0,0.0,6,10,2017,0,14,21.0,20248,24.0
259,19334,2017-10-14,14:03,29,1,G大阪,新潟,市立吹田サッカースタジアム,20.0,22.5,47.0,36.0,6,10,2017,0,14,2.0,39694,13.0
260,19335,2017-10-15,17:03,29,2,鳥栖,C大阪,ベストアメニティスタジアム,32.0,18.7,80.0,15.0,0,10,2017,0,17,27.0,24130,0.0
261,19336,2017-10-21,14:03,30,1,仙台,清水,ユアテックスタジアム仙台,12.0,17.8,81.0,19.0,6,10,2017,0,14,4.0,19694,21.0
262,19337,2017-10-22,17:04,30,2,浦和,G大阪,埼玉スタジアム2002,32.0,18.7,90.0,29.0,0,10,2017,0,17,20.0,62010,2.0
263,19338,2017-10-21,14:03,30,1,大宮,柏,NACK5スタジアム大宮,32.0,17.2,88.0,1.0,6,10,2017,0,14,8.0,15491,17.0
264,19339,2017-10-21,16:03,30,1,FC東京,札幌,味の素スタジアム,32.0,19.4,90.0,27.0,6,10,2017,0,16,1.0,48999,14.0
265,19340,2017-10-21,19:03,30,1,横浜FM,鹿島,日産スタジアム,32.0,17.5,90.0,41.0,6,10,2017,0,19,19.0,72081,28.0
266,19341,2017-10-21,15:03,30,1,磐田,新潟,ヤマハスタジアム(磐田),32.0,21.0,70.0,17.0,6,10,2017,0,15,24.0,15165,13.0
267,19342,2017-10-21,14:03,30,1,C大阪,甲府,キンチョウスタジアム,32.0,17.2,90.0,8.0,6,10,2017,0,14,0.0,17892,23.0
268,19343,2017-10-21,14:03,30,1,神戸,鳥栖,ノエビアスタジアム神戸,0.0,21.0,83.0,12.0,6,10,2017,0,14,25.0,28425,27.0
269,19344,2017-10-21,14:03,30,1,広島,川崎F,エディオンスタジアム広島,32.0,19.9,88.0,7.0,6,10,2017,0,14,11.0,36894,10.0
270,19345,2017-10-29,16:33,31,1,柏,川崎F,日立柏サッカー場,38.0,20.3,62.0,42.0,0,10,2017,0,16,17.0,15109,10.0
271,19346,2017-10-29,17:03,31,1,FC東京,清水,味の素スタジアム,14.0,16.3,90.0,27.0,0,10,2017,0,17,1.0,48999,21.0
272,19347,2017-10-29,16:03,31,1,甲府,神戸,山梨中銀スタジアム,32.0,14.4,89.0,34.0,0,10,2017,0,16,23.0,15859,25.0
273,19348,2017-10-29,14:03,31,1,新潟,鳥栖,デンカビッグスワンスタジアム,32.0,16.4,84.0,10.0,0,10,2017,0,14,13.0,41684,27.0
274,19349,2017-10-29,15:04,31,1,磐田,横浜FM,エコパスタジアム,32.0,20.1,78.0,6.0,0,10,2017,0,15,24.0,51697,19.0
275,19350,2017-10-29,16:03,31,1,G大阪,仙台,市立吹田サッカースタジアム,34.0,19.0,75.0,36.0,0,10,2017,0,16,2.0,39694,4.0
276,19351,2017-10-29,16:03,31,1,C大阪,大宮,キンチョウスタジアム,35.0,17.6,90.0,8.0,0,10,2017,0,16,0.0,17892,8.0
277,19352,2017-10-29,16:04,31,1,広島,浦和,エディオンスタジアム広島,12.0,23.4,73.0,7.0,0,10,2017,0,16,11.0,36894,20.0
278,19353,2017-10-29,16:04,31,1,札幌,鹿島,札幌ドーム,0.0,22.8,57.0,43.0,0,10,2017,0,16,14.0,39856,28.0
279,19354,2017-11-18,14:04,32,2,仙台,大宮,ユアテックスタジアム仙台,12.0,13.7,57.0,19.0,6,11,2017,0,14,4.0,19694,8.0
280,19355,2017-11-18,14:03,32,2,柏,磐田,日立柏サッカー場,14.0,13.8,70.0,42.0,6,11,2017,0,14,17.0,15109,24.0
281,19356,2017-11-18,14:03,32,2,横浜FM,C大阪,日産スタジアム,14.0,14.0,64.0,41.0,6,11,2017,0,14,19.0,72081,0.0
282,19357,2017-11-18,14:03,32,2,新潟,甲府,デンカビッグスワンスタジアム,32.0,11.5,65.0,10.0,6,11,2017,0,14,13.0,41684,23.0
283,19358,2017-11-18,15:03,32,2,清水,札幌,IAIスタジアム日本平,34.0,10.7,83.0,0.0,6,11,2017,0,15,21.0,20248,14.0
284,19359,2017-11-18,14:03,32,2,神戸,広島,神戸総合運動公園ユニバー記念競技場,13.0,14.0,69.0,54.0,6,11,2017,0,14,25.0,35910,11.0
285,19360,2017-11-18,14:05,32,2,鳥栖,FC東京,ベストアメニティスタジアム,12.0,15.0,56.0,15.0,6,11,2017,0,14,27.0,24130,1.0
286,19361,2017-11-05,14:03,32,1,鹿島,浦和,県立カシマサッカースタジアム,1.0,15.7,48.0,52.0,0,11,2017,0,14,28.0,37496,20.0
287,19362,2017-11-18,14:02,32,2,川崎F,G大阪,等々力陸上競技場,32.0,16.2,69.0,55.0,6,11,2017,0,14,10.0,26827,2.0
288,19363,2017-11-26,13:05,33,1,仙台,横浜FM,ユアテックスタジアム仙台,1.0,12.9,50.0,19.0,0,11,2017,0,13,4.0,19694,19.0
289,19364,2017-11-26,13:03,33,1,大宮,甲府,NACK5スタジアム大宮,1.0,16.7,29.0,1.0,0,11,2017,0,13,8.0,15491,23.0
290,19365,2017-11-26,13:03,33,1,清水,新潟,IAIスタジアム日本平,1.0,18.4,34.0,0.0,0,11,2017,0,13,21.0,20248,13.0
291,19366,2017-11-26,13:03,33,1,C大阪,神戸,ヤンマースタジアム長居,29.0,13.0,54.0,18.0,0,11,2017,0,13,0.0,47853,25.0
292,19367,2017-11-26,13:05,33,1,広島,FC東京,エディオンスタジアム広島,12.0,21.0,53.0,7.0,0,11,2017,0,13,11.0,36894,1.0
293,19368,2017-11-26,13:04,33,1,鳥栖,磐田,ベストアメニティスタジアム,12.0,14.7,72.0,15.0,0,11,2017,0,13,27.0,24130,24.0
294,19369,2017-11-26,13:05,33,1,鹿島,柏,県立カシマサッカースタジアム,1.0,18.5,37.0,52.0,0,11,2017,0,13,28.0,37496,17.0
295,19370,2017-11-29,19:33,33,2,浦和,川崎F,埼玉スタジアム2002,1.0,15.8,49.0,29.0,3,11,2017,0,19,20.0,62010,10.0
296,19371,2017-11-26,13:03,33,1,G大阪,札幌,市立吹田サッカースタジアム,12.0,14.0,51.0,36.0,0,11,2017,0,13,2.0,39694,14.0
297,19372,2017-12-02,14:04,34,1,札幌,鳥栖,札幌ドーム,0.0,22.6,42.0,43.0,6,12,2017,0,14,14.0,39856,27.0
298,19373,2017-12-02,14:04,34,1,浦和,横浜FM,埼玉スタジアム2002,1.0,12.2,35.0,29.0,6,12,2017,0,14,20.0,62010,19.0
299,19374,2017-12-02,14:03,34,1,柏,広島,日立柏サッカー場,1.0,15.1,20.0,42.0,6,12,2017,0,14,17.0,15109,11.0
300,19375,2017-12-02,14:05,34,1,FC東京,G大阪,味の素スタジアム,1.0,12.5,41.0,27.0,6,12,2017,0,14,1.0,48999,2.0
301,19376,2017-12-02,14:03,34,1,川崎F,大宮,等々力陸上競技場,1.0,11.7,40.0,55.0,6,12,2017,0,14,10.0,26827,8.0
302,19377,2017-12-02,14:03,34,1,甲府,仙台,山梨中銀スタジアム,1.0,18.3,34.0,34.0,6,12,2017,0,14,23.0,15859,4.0
303,19378,2017-12-02,14:04,34,1,新潟,C大阪,デンカビッグスワンスタジアム,1.0,6.7,60.0,10.0,6,12,2017,0,14,13.0,41684,0.0
304,19379,2017-12-02,14:03,34,1,磐田,鹿島,ヤマハスタジアム(磐田),1.0,17.7,30.0,17.0,6,12,2017,0,14,24.0,15165,28.0
305,19380,2017-12-02,14:03,34,1,神戸,清水,神戸総合運動公園ユニバー記念競技場,1.0,13.3,44.0,54.0,6,12,2017,0,14,25.0,35910,21.0
306,20745,2018-02-23,20:03,1,1,鳥栖,神戸,ベストアメニティスタジアム,1.0,6.6,57.0,15.0,5,2,2018,0,20,27.0,24130,25.0
307,20746,2018-02-24,14:03,1,2,FC東京,浦和,味の素スタジアム,1.0,14.1,40.0,27.0,6,2,2018,0,14,1.0,48999,20.0
308,20747,2018-02-24,14:03,1,2,広島,札幌,エディオンスタジアム広島,1.0,16.3,51.0,7.0,6,2,2018,0,14,11.0,36894,14.0
309,20748,2018-02-24,14:33,1,2,G大阪,名古屋,パナソニックスタジアム吹田,12.0,12.9,42.0,,6,2,2018,0,14,2.0,39694,6.0
310,20749,2018-02-24,16:03,1,2,湘南,長崎,ShonanBMWスタジアム平塚,1.0,13.8,50.0,3.0,6,2,2018,0,16,22.0,15732,
311,20750,2018-02-25,13:02,1,3,仙台,柏,ユアテックスタジアム仙台,1.0,9.9,26.0,19.0,0,2,2018,0,13,4.0,19694,17.0
312,20751,2018-02-25,13:03,1,3,清水,鹿島,IAIスタジアム日本平,12.0,13.0,41.0,0.0,0,2,2018,0,13,21.0,20248,28.0
313,20752,2018-02-25,15:31,1,3,磐田,川崎F,エコパスタジアム,1.0,13.8,33.0,6.0,0,2,2018,0,15,24.0,51697,10.0
314,20753,2018-02-25,16:03,1,3,C大阪,横浜FM,ヤンマースタジアム長居,32.0,9.1,53.0,18.0,0,2,2018,0,16,0.0,47853,19.0
315,20754,2018-03-02,19:03,2,1,川崎F,湘南,等々力陸上競技場,1.0,10.6,31.0,55.0,5,3,2018,0,19,10.0,26827,22.0
316,20755,2018-03-02,19:03,2,1,C大阪,札幌,キンチョウスタジアム,1.0,7.5,47.0,8.0,5,3,2018,0,19,0.0,17892,14.0
317,20756,2018-03-02,19:33,2,1,柏,横浜FM,三協フロンテア柏スタジアム,1.0,9.2,28.0,,5,3,2018,0,19,17.0,15109,19.0
318,20757,2018-03-03,14:03,2,2,名古屋,磐田,豊田スタジアム,12.0,17.5,20.0,56.0,6,3,2018,0,14,6.0,41255,24.0
319,20758,2018-03-03,15:03,2,2,FC東京,仙台,味の素スタジアム,2.0,16.5,38.0,27.0,6,3,2018,0,15,1.0,48999,4.0
320,20759,2018-03-03,16:01,2,2,鹿島,G大阪,県立カシマサッカースタジアム,2.0,13.8,67.0,52.0,6,3,2018,0,16,28.0,37496,2.0
321,20760,2018-03-03,16:07,2,2,神戸,清水,ノエビアスタジアム神戸,12.0,12.7,47.0,12.0,6,3,2018,0,16,25.0,28425,21.0
322,20761,2018-03-03,19:03,2,2,長崎,鳥栖,トランスコスモススタジアム長崎,32.0,12.0,86.0,,6,3,2018,0,19,,20258,27.0
323,20762,2018-03-04,16:04,2,3,浦和,広島,埼玉スタジアム2002,1.0,18.2,48.0,29.0,0,3,2018,0,16,20.0,62010,11.0
324,20763,2018-03-10,13:03,3,1,川崎F,G大阪,等々力陸上競技場,13.0,11.8,37.0,55.0,6,3,2018,0,13,10.0,26827,2.0
325,20764,2018-03-10,13:03,3,1,横浜FM,鳥栖,ニッパツ三ツ沢球技場,12.0,13.9,35.0,11.0,6,3,2018,0,13,19.0,15440,27.0
326,20765,2018-03-10,14:02,3,1,仙台,神戸,ユアテックスタジアム仙台,1.0,6.9,38.0,19.0,6,3,2018,0,14,4.0,19694,25.0
327,20766,2018-03-10,14:03,3,1,長崎,浦和,トランスコスモススタジアム長崎,1.0,14.8,49.0,,6,3,2018,0,14,,20258,20.0
328,20767,2018-03-10,15:03,3,1,鹿島,広島,県立カシマサッカースタジアム,1.0,9.8,50.0,52.0,6,3,2018,0,15,28.0,37496,11.0
329,20768,2018-03-10,15:03,3,1,柏,C大阪,三協フロンテア柏スタジアム,1.0,13.4,35.0,,6,3,2018,0,15,17.0,15109,0.0
330,20769,2018-03-10,15:03,3,1,磐田,FC東京,ヤマハスタジアム(磐田),1.0,15.5,30.0,17.0,6,3,2018,0,15,24.0,15165,1.0
331,20770,2018-03-10,19:03,3,1,札幌,清水,札幌ドーム,0.0,22.8,47.0,43.0,6,3,2018,0,19,14.0,39856,21.0
332,20771,2018-03-11,16:03,3,2,湘南,名古屋,ShonanBMWスタジアム平塚,1.0,15.3,39.0,3.0,0,3,2018,0,16,22.0,15732,6.0
333,20772,2018-03-18,14:03,4,1,札幌,長崎,札幌ドーム,0.0,23.0,41.0,43.0,0,3,2018,0,14,14.0,39856,
334,20773,2018-03-18,14:03,4,1,清水,仙台,IAIスタジアム日本平,1.0,17.3,42.0,0.0,0,3,2018,0,14,21.0,20248,4.0
335,20774,2018-03-18,15:03,4,1,FC東京,湘南,味の素スタジアム,12.0,17.4,40.0,27.0,0,3,2018,0,15,1.0,48999,22.0
336,20775,2018-03-18,15:03,4,1,G大阪,柏,パナソニックスタジアム吹田,12.0,18.4,46.0,,0,3,2018,0,15,2.0,39694,17.0
337,20776,2018-03-18,16:04,4,1,浦和,横浜FM,埼玉スタジアム2002,12.0,16.0,46.0,29.0,0,3,2018,0,16,20.0,62010,19.0
338,20777,2018-03-18,16:03,4,1,神戸,C大阪,ノエビアスタジアム神戸,1.0,17.8,51.0,12.0,0,3,2018,0,16,25.0,28425,0.0
339,20778,2018-03-18,16:03,4,1,広島,磐田,エディオンスタジアム広島,12.0,20.0,64.0,7.0,0,3,2018,0,16,11.0,36894,24.0
340,20779,2018-03-18,16:03,4,1,鳥栖,鹿島,ベストアメニティスタジアム,2.0,19.8,45.0,15.0,0,3,2018,0,16,27.0,24130,28.0
341,20780,2018-03-18,19:03,4,1,名古屋,川崎F,豊田スタジアム,12.0,13.8,56.0,56.0,0,3,2018,0,19,6.0,41255,10.0
342,20781,2018-03-30,19:33,5,1,柏,神戸,三協フロンテア柏スタジアム,1.0,13.8,41.0,,5,3,2018,0,19,17.0,15109,25.0
343,20782,2018-03-31,14:03,5,2,仙台,長崎,ユアテックスタジアム仙台,1.0,12.5,25.0,19.0,6,3,2018,0,14,4.0,19694,
344,20783,2018-03-31,14:03,5,2,清水,横浜FM,IAIスタジアム日本平,12.0,17.0,54.0,0.0,6,3,2018,0,14,21.0,20248,19.0
345,20784,2018-03-31,15:03,5,2,鹿島,札幌,県立カシマサッカースタジアム,1.0,15.4,46.0,52.0,6,3,2018,0,15,28.0,37496,14.0
346,20785,2018-03-31,15:03,5,2,FC東京,G大阪,味の素スタジアム,1.0,18.1,46.0,27.0,6,3,2018,0,15,1.0,48999,2.0
347,20786,2018-03-31,16:03,5,2,川崎F,広島,等々力陸上競技場,1.0,16.6,51.0,55.0,6,3,2018,0,16,10.0,26827,11.0
348,20787,2018-03-31,19:03,5,2,C大阪,湘南,キンチョウスタジアム,1.0,14.2,69.0,8.0,6,3,2018,0,19,0.0,17892,22.0
349,20788,2018-03-31,19:03,5,2,鳥栖,名古屋,ベストアメニティスタジアム,1.0,18.5,43.0,15.0,6,3,2018,0,19,27.0,24130,6.0
350,20789,2018-04-01,15:03,5,3,磐田,浦和,エコパスタジアム,1.0,18.1,53.0,6.0,0,4,2018,0,15,24.0,51697,20.0
351,20790,2018-04-07,14:03,6,1,札幌,名古屋,札幌ドーム,0.0,21.8,48.0,43.0,6,4,2018,0,14,14.0,39856,6.0
352,20791,2018-04-07,15:03,6,1,磐田,清水,エコパスタジアム,12.0,14.9,32.0,6.0,6,4,2018,0,15,24.0,51697,21.0
353,20792,2018-04-07,15:03,6,1,C大阪,鳥栖,キンチョウスタジアム,20.0,13.5,34.0,8.0,6,4,2018,0,15,0.0,17892,27.0
354,20793,2018-04-07,16:04,6,1,浦和,仙台,埼玉スタジアム2002,12.0,16.7,53.0,29.0,6,4,2018,0,16,20.0,62010,4.0
355,20794,2018-04-07,19:03,6,1,湘南,鹿島,ShonanBMWスタジアム平塚,14.0,13.9,63.0,3.0,6,4,2018,0,19,22.0,15732,28.0
356,20795,2018-04-08,14:03,6,2,長崎,FC東京,トランスコスモススタジアム長崎,1.0,17.2,45.0,,0,4,2018,0,14,,20258,1.0
357,20796,2018-04-08,15:03,6,2,柏,広島,三協フロンテア柏スタジアム,2.0,17.4,20.0,,0,4,2018,0,15,17.0,15109,11.0
358,20797,2018-04-08,15:03,6,2,G大阪,神戸,パナソニックスタジアム吹田,1.0,11.8,37.0,,0,4,2018,0,15,2.0,39694,25.0
359,20798,2018-04-08,16:03,6,2,横浜FM,川崎F,日産スタジアム,1.0,14.9,27.0,41.0,0,4,2018,0,16,19.0,72081,10.0
360,20799,2018-04-11,19:03,7,1,札幌,湘南,札幌ドーム,0.0,22.0,49.0,43.0,3,4,2018,0,19,14.0,39856,22.0
361,20800,2018-04-11,19:03,7,1,FC東京,鹿島,味の素スタジアム,12.0,19.3,61.0,27.0,3,4,2018,0,19,1.0,48999,28.0
362,20801,2018-04-11,19:03,7,1,川崎F,C大阪,等々力陸上競技場,29.0,20.1,59.0,55.0,3,4,2018,0,19,10.0,26827,0.0
363,20802,2018-04-11,19:03,7,1,清水,長崎,IAIスタジアム日本平,12.0,17.8,72.0,0.0,3,4,2018,0,19,21.0,20248,
364,20803,2018-04-11,19:03,7,1,名古屋,仙台,パロマ瑞穂スタジアム,12.0,19.0,64.0,13.0,3,4,2018,0,19,6.0,20223,4.0
365,20804,2018-04-11,19:03,7,1,G大阪,磐田,パナソニックスタジアム吹田,34.0,18.1,78.0,,3,4,2018,0,19,2.0,39694,24.0
366,20805,2018-04-11,19:03,7,1,神戸,浦和,ノエビアスタジアム神戸,0.0,19.6,72.0,12.0,3,4,2018,0,19,25.0,28425,20.0
367,20806,2018-04-11,19:03,7,1,広島,横浜FM,エディオンスタジアム広島,12.0,23.0,79.0,7.0,3,4,2018,0,19,11.0,36894,19.0
368,20807,2018-04-11,20:03,7,1,鳥栖,柏,ベストアメニティスタジアム,12.0,18.4,87.0,15.0,3,4,2018,0,20,27.0,24130,17.0
369,20808,2018-04-14,14:02,8,1,鹿島,名古屋,県立カシマサッカースタジアム,12.0,18.8,52.0,52.0,6,4,2018,0,14,28.0,37496,6.0
370,20809,2018-04-14,14:03,8,1,柏,札幌,三協フロンテア柏スタジアム,12.0,18.9,52.0,,6,4,2018,0,14,17.0,15109,14.0
371,20810,2018-04-14,14:03,8,1,長崎,G大阪,トランスコスモススタジアム長崎,32.0,20.9,94.0,,6,4,2018,0,14,,20258,2.0
372,20811,2018-04-14,15:03,8,1,C大阪,FC東京,ヤンマースタジアム長居,42.0,18.1,50.0,18.0,6,4,2018,0,15,0.0,47853,1.0
373,20812,2018-04-14,19:03,8,1,仙台,川崎F,ユアテックスタジアム仙台,14.0,10.1,69.0,19.0,6,4,2018,0,19,4.0,19694,10.0
374,20813,2018-04-15,14:03,8,2,横浜FM,神戸,日産スタジアム,13.0,22.9,44.0,41.0,0,4,2018,0,14,19.0,72081,25.0
375,20814,2018-04-15,15:04,8,2,磐田,鳥栖,ヤマハスタジアム(磐田),1.0,20.6,33.0,17.0,0,4,2018,0,15,24.0,15165,27.0
376,20815,2018-04-15,16:04,8,2,浦和,清水,埼玉スタジアム2002,12.0,19.0,59.0,29.0,0,4,2018,0,16,20.0,62010,21.0
377,20816,2018-04-15,16:03,8,2,湘南,広島,ShonanBMWスタジアム平塚,12.0,24.0,51.0,3.0,0,4,2018,0,16,22.0,15732,11.0
378,20817,2018-04-21,13:03,9,1,清水,FC東京,IAIスタジアム日本平,1.0,22.3,58.0,0.0,6,4,2018,0,13,21.0,20248,1.0
379,20818,2018-04-21,14:03,9,1,仙台,磐田,ユアテックスタジアム仙台,1.0,25.7,33.0,19.0,6,4,2018,0,14,4.0,19694,24.0
380,20819,2018-04-21,14:03,9,1,広島,鳥栖,エディオンスタジアム広島,1.0,26.1,29.0,7.0,6,4,2018,0,14,11.0,36894,27.0
381,20820,2018-04-21,16:03,9,1,浦和,札幌,埼玉スタジアム2002,1.0,23.9,51.0,29.0,6,4,2018,0,16,20.0,62010,14.0
382,20821,2018-04-21,16:03,9,1,川崎F,鹿島,等々力陸上競技場,1.0,24.3,44.0,55.0,6,4,2018,0,16,10.0,26827,28.0
383,20822,2018-04-21,16:03,9,1,横浜FM,湘南,日産スタジアム,1.0,23.1,42.0,41.0,6,4,2018,0,16,19.0,72081,22.0
384,20823,2018-04-21,16:03,9,1,神戸,名古屋,ノエビアスタジアム神戸,1.0,20.6,72.0,12.0,6,4,2018,0,16,25.0,28425,6.0
385,20824,2018-04-21,19:03,9,1,G大阪,C大阪,パナソニックスタジアム吹田,1.0,20.6,42.0,,6,4,2018,0,19,2.0,39694,0.0
386,20825,2018-04-22,16:03,9,2,長崎,柏,トランスコスモススタジアム長崎,1.0,24.8,55.0,,0,4,2018,0,16,,20258,17.0
387,20826,2018-04-25,19:03,10,1,札幌,横浜FM,札幌厚別公園競技場,32.0,10.3,66.0,44.0,3,4,2018,0,19,14.0,19620,19.0
388,20827,2018-04-25,19:03,10,1,鹿島,神戸,県立カシマサッカースタジアム,2.0,15.7,87.0,52.0,3,4,2018,0,19,28.0,37496,25.0
389,20828,2018-04-25,19:03,10,1,柏,浦和,三協フロンテア柏スタジアム,12.0,19.7,74.0,,3,4,2018,0,19,17.0,15109,20.0
390,20829,2018-04-25,19:03,10,1,FC東京,広島,味の素スタジアム,12.0,22.5,83.0,27.0,3,4,2018,0,19,1.0,48999,11.0
391,20830,2018-04-25,19:03,10,1,湘南,G大阪,ShonanBMWスタジアム平塚,12.0,19.8,90.0,3.0,3,4,2018,0,19,22.0,15732,2.0
392,20831,2018-04-25,19:03,10,1,磐田,長崎,ヤマハスタジアム(磐田),1.0,19.8,49.0,17.0,3,4,2018,0,19,24.0,15165,
393,20832,2018-04-25,19:03,10,1,名古屋,清水,パロマ瑞穂スタジアム,1.0,16.6,55.0,13.0,3,4,2018,0,19,6.0,20223,21.0
394,20833,2018-04-25,19:03,10,1,C大阪,仙台,キンチョウスタジアム,12.0,14.9,57.0,8.0,3,4,2018,0,19,0.0,17892,4.0
395,20834,2018-04-25,19:03,10,1,鳥栖,川崎F,ベストアメニティスタジアム,1.0,13.8,67.0,15.0,3,4,2018,0,19,27.0,24130,10.0
396,20835,2018-04-28,13:03,11,1,長崎,広島,トランスコスモススタジアム長崎,1.0,25.7,41.0,,6,4,2018,0,13,,20258,11.0
397,20836,2018-04-28,14:03,11,1,仙台,札幌,ユアテックスタジアム仙台,1.0,22.5,20.0,19.0,6,4,2018,0,14,4.0,19694,14.0
398,20837,2018-04-28,14:03,11,1,清水,柏,IAIスタジアム日本平,1.0,22.5,44.0,0.0,6,4,2018,0,14,21.0,20248,17.0
399,20838,2018-04-28,15:03,11,1,FC東京,名古屋,味の素スタジアム,1.0,23.2,35.0,27.0,6,4,2018,0,15,1.0,48999,6.0
400,20839,2018-04-28,15:03,11,1,磐田,C大阪,ヤマハスタジアム(磐田),1.0,23.5,42.0,17.0,6,4,2018,0,15,24.0,15165,0.0
401,20840,2018-04-28,16:04,11,1,浦和,湘南,埼玉スタジアム2002,1.0,23.6,36.0,29.0,6,4,2018,0,16,20.0,62010,22.0
402,20841,2018-04-28,16:03,11,1,神戸,川崎F,ノエビアスタジアム神戸,1.0,20.6,52.0,12.0,6,4,2018,0,16,25.0,28425,10.0
403,20842,2018-04-28,19:03,11,1,横浜FM,鹿島,日産スタジアム,1.0,19.4,60.0,41.0,6,4,2018,0,19,19.0,72081,28.0
404,20843,2018-04-29,16:03,11,2,G大阪,鳥栖,パナソニックスタジアム吹田,1.0,23.5,36.0,,0,4,2018,0,16,2.0,39694,27.0
405,20844,2018-05-02,19:03,12,1,鹿島,長崎,県立カシマサッカースタジアム,14.0,21.2,70.0,52.0,3,5,2018,0,19,28.0,37496,
406,20845,2018-05-02,19:03,12,1,川崎F,浦和,等々力陸上競技場,32.0,21.2,71.0,55.0,3,5,2018,0,19,10.0,26827,20.0
407,20846,2018-05-02,19:03,12,1,横浜FM,磐田,日産スタジアム,29.0,20.2,68.0,41.0,3,5,2018,0,19,19.0,72081,24.0
408,20847,2018-05-02,19:03,12,1,湘南,柏,ShonanBMWスタジアム平塚,32.0,19.2,83.0,3.0,3,5,2018,0,19,22.0,15732,17.0
409,20848,2018-05-02,19:03,12,1,名古屋,C大阪,パロマ瑞穂スタジアム,32.0,19.2,79.0,13.0,3,5,2018,0,19,6.0,20223,0.0
410,20849,2018-05-02,19:03,12,1,G大阪,仙台,パナソニックスタジアム吹田,34.0,19.7,90.0,,3,5,2018,0,19,2.0,39694,4.0
411,20850,2018-05-02,19:03,12,1,神戸,FC東京,ノエビアスタジアム神戸,0.0,23.8,78.0,12.0,3,5,2018,0,19,25.0,28425,1.0
412,20851,2018-05-02,19:33,12,1,広島,清水,エディオンスタジアム広島,34.0,24.3,92.0,7.0,3,5,2018,0,19,11.0,36894,21.0
413,20852,2018-05-02,20:03,12,1,鳥栖,札幌,ベストアメニティスタジアム,,22.5,90.0,15.0,3,5,2018,0,20,27.0,24130,14.0
414,20853,2018-05-05,14:03,13,1,札幌,G大阪,札幌厚別公園競技場,12.0,11.8,48.0,44.0,6,5,2018,1,14,14.0,19620,2.0
415,20854,2018-05-05,14:03,13,1,柏,磐田,三協フロンテア柏スタジアム,1.0,25.1,31.0,,6,5,2018,1,14,17.0,15109,24.0
416,20855,2018-05-05,14:02,13,1,川崎F,FC東京,等々力陸上競技場,1.0,23.8,31.0,55.0,6,5,2018,1,14,10.0,26827,1.0
417,20856,2018-05-05,15:04,13,1,C大阪,長崎,ヤンマースタジアム長居,1.0,22.6,26.0,18.0,6,5,2018,1,15,0.0,47853,
418,20857,2018-05-05,17:03,13,1,鹿島,浦和,県立カシマサッカースタジアム,1.0,22.5,38.0,52.0,6,5,2018,1,17,28.0,37496,20.0
419,20858,2018-05-05,19:03,13,1,名古屋,横浜FM,豊田スタジアム,1.0,20.8,35.0,56.0,6,5,2018,1,19,6.0,41255,19.0
420,20859,2018-05-06,15:03,13,2,鳥栖,清水,ベストアメニティスタジアム,32.0,17.3,88.0,15.0,0,5,2018,0,15,27.0,24130,21.0
421,20860,2018-05-06,16:03,13,2,湘南,仙台,ShonanBMWスタジアム平塚,2.0,24.0,36.0,3.0,0,5,2018,0,16,22.0,15732,4.0
422,20861,2018-05-06,17:03,13,2,広島,神戸,エディオンスタジアム広島,32.0,19.5,92.0,7.0,0,5,2018,0,17,11.0,36894,25.0
423,20862,2018-05-12,14:03,14,1,清水,湘南,IAIスタジアム日本平,1.0,22.9,50.0,0.0,6,5,2018,0,14,21.0,20248,22.0
424,20863,2018-05-12,14:03,14,1,磐田,神戸,ヤマハスタジアム(磐田),1.0,23.7,47.0,17.0,6,5,2018,0,14,24.0,15165,25.0
425,20864,2018-05-12,14:03,14,1,長崎,名古屋,トランスコスモススタジアム長崎,1.0,26.7,45.0,,6,5,2018,0,14,,20258,6.0
426,20865,2018-05-12,16:03,14,1,仙台,広島,ユアテックスタジアム仙台,12.0,26.2,35.0,19.0,6,5,2018,0,16,4.0,19694,11.0
427,20866,2018-05-12,19:03,14,1,横浜FM,G大阪,日産スタジアム,1.0,20.0,54.0,41.0,6,5,2018,0,19,19.0,72081,2.0
428,20867,2018-05-13,14:04,14,2,浦和,鳥栖,埼玉スタジアム2002,32.0,20.7,75.0,29.0,0,5,2018,0,14,20.0,62010,27.0
429,20868,2018-05-13,16:04,14,2,FC東京,札幌,味の素スタジアム,32.0,18.9,90.0,27.0,0,5,2018,0,16,1.0,48999,14.0
430,20869,2018-05-12,15:03,14,1,柏,川崎F,三協フロンテア柏スタジアム,6.0,23.6,45.0,,6,5,2018,0,15,17.0,15109,10.0
431,20870,2018-07-25,19:03,14,3,C大阪,鹿島,ヤンマースタジアム長居,1.0,30.8,72.0,18.0,3,7,2018,0,19,0.0,47853,28.0
432,20871,2018-05-19,14:03,15,1,横浜FM,長崎,日産スタジアム,13.0,25.7,55.0,41.0,6,5,2018,0,14,19.0,72081,
433,20872,2018-05-19,14:02,15,1,G大阪,浦和,パナソニックスタジアム吹田,1.0,17.9,28.0,,6,5,2018,0,14,2.0,39694,20.0
434,20873,2018-05-19,19:03,15,1,湘南,磐田,ShonanBMWスタジアム平塚,1.0,19.4,38.0,3.0,6,5,2018,0,19,22.0,15732,24.0
435,20874,2018-05-20,14:03,15,2,鹿島,仙台,県立カシマサッカースタジアム,1.0,17.1,40.0,52.0,0,5,2018,0,14,28.0,37496,4.0
436,20875,2018-05-20,14:03,15,2,名古屋,柏,豊田スタジアム,2.0,22.7,42.0,56.0,0,5,2018,0,14,6.0,41255,17.0
437,20876,2018-05-20,15:04,15,2,川崎F,清水,等々力陸上競技場,1.0,21.5,33.0,55.0,0,5,2018,0,15,10.0,26827,21.0
438,20877,2018-05-20,15:03,15,2,鳥栖,FC東京,ベストアメニティスタジアム,1.0,25.1,41.0,15.0,0,5,2018,0,15,27.0,24130,1.0
439,20878,2018-05-20,16:03,15,2,広島,C大阪,エディオンスタジアム広島,2.0,23.3,49.0,7.0,0,5,2018,0,16,11.0,36894,0.0
440,20879,2018-05-20,17:04,15,2,神戸,札幌,ノエビアスタジアム神戸,1.0,22.2,46.0,12.0,0,5,2018,0,17,25.0,28425,14.0
441,20880,2018-07-18,19:03,16,1,札幌,川崎F,札幌厚別公園競技場,12.0,19.8,71.0,44.0,3,7,2018,0,19,14.0,19620,10.0
442,20881,2018-07-18,19:04,16,1,仙台,横浜FM,ユアテックスタジアム仙台,12.0,30.1,62.0,19.0,3,7,2018,0,19,4.0,19694,19.0
443,20882,2018-07-18,19:04,16,1,柏,FC東京,三協フロンテア柏スタジアム,1.0,30.1,55.0,,3,7,2018,0,19,17.0,15109,1.0
444,20883,2018-07-18,19:04,16,1,湘南,鳥栖,ShonanBMWスタジアム平塚,12.0,27.6,90.0,3.0,3,7,2018,0,19,22.0,15732,27.0
445,20884,2018-07-18,19:03,16,1,清水,C大阪,IAIスタジアム日本平,1.0,28.4,79.0,0.0,3,7,2018,0,19,21.0,20248,0.0
446,20885,2018-07-18,19:03,16,1,磐田,鹿島,ヤマハスタジアム(磐田),1.0,28.1,87.0,17.0,3,7,2018,0,19,24.0,15165,28.0
447,20886,2018-07-18,19:03,16,1,広島,G大阪,エディオンスタジアム広島,2.0,29.3,80.0,7.0,3,7,2018,0,19,11.0,36894,2.0
448,20887,2018-07-18,19:03,16,1,長崎,神戸,トランスコスモススタジアム長崎,1.0,30.4,76.0,,3,7,2018,0,19,,20258,25.0
449,20888,2018-07-18,19:33,16,1,浦和,名古屋,埼玉スタジアム2002,1.0,30.8,63.0,29.0,3,7,2018,0,19,20.0,62010,6.0
450,20889,2018-07-22,18:03,17,1,名古屋,広島,豊田スタジアム,1.0,33.6,44.0,56.0,0,7,2018,0,18,6.0,41255,11.0
451,20890,2018-07-22,18:03,17,1,神戸,湘南,ノエビアスタジアム神戸,1.0,28.9,80.0,12.0,0,7,2018,0,18,25.0,28425,22.0
452,20891,2018-07-22,18:33,17,1,鹿島,柏,県立カシマサッカースタジアム,1.0,30.6,71.0,52.0,0,7,2018,0,18,28.0,37496,17.0
453,20892,2018-07-22,19:03,17,1,札幌,磐田,札幌厚別公園競技場,12.0,18.1,72.0,44.0,0,7,2018,0,19,14.0,19620,24.0
454,20893,2018-07-22,19:04,17,1,FC東京,横浜FM,味の素スタジアム,1.0,32.0,62.0,27.0,0,7,2018,0,19,1.0,48999,19.0
455,20894,2018-07-22,19:03,17,1,川崎F,長崎,等々力陸上競技場,1.0,32.0,65.0,55.0,0,7,2018,0,19,10.0,26827,
456,20895,2018-07-22,19:03,17,1,G大阪,清水,パナソニックスタジアム吹田,1.0,31.2,50.0,,0,7,2018,0,19,2.0,39694,21.0
457,20896,2018-07-22,19:03,17,1,C大阪,浦和,ヤンマースタジアム長居,1.0,30.5,71.0,18.0,0,7,2018,0,19,0.0,47853,20.0
458,20897,2018-07-22,19:03,17,1,鳥栖,仙台,ベストアメニティスタジアム,32.0,27.0,90.0,15.0,0,7,2018,0,19,27.0,24130,4.0
459,30000,2018-11-24,14:00,33,1,仙台,鹿島,ユアテックスタジアム仙台,,,,19.0,6,11,2018,0,14,4.0,19694,28.0
460,30001,2018-11-24,14:00,33,1,FC東京,川崎Ｆ,味の素スタジアム,,,,27.0,6,11,2018,0,14,1.0,48999,
461,30002,2018-11-24,14:00,33,1,湘南,浦和,ShonanBMWスタジアム平塚,,,,3.0,6,11,2018,0,14,22.0,15732,20.0
462,30003,2018-11-24,14:00,33,1,清水,神戸,IAIスタジアム日本平,,,,0.0,6,11,2018,0,14,21.0,20248,25.0
463,30004,2018-11-24,14:00,33,1,磐田,札幌,ヤマハスタジアム(磐田),,,,17.0,6,11,2018,0,14,24.0,15165,14.0
464,30005,2018-11-24,14:00,33,1,Ｇ大阪,長崎,パナソニックスタジアム吹田,,,,,6,11,2018,0,14,,39694,
465,30006,2018-11-24,14:00,33,1,Ｃ大阪,柏,ヤンマースタジアム長居,,,,18.0,6,11,2018,0,14,,47853,17.0
466,30007,2018-11-24,14:00,33,1,広島,名古屋,エディオンスタジアム広島,,,,7.0,6,11,2018,0,14,11.0,36894,6.0
467,30008,2018-11-24,14:00,33,1,鳥栖,横浜FM,ベストアメニティスタジアム,,,,15.0,6,11,2018,0,14,27.0,24130,19.0
468,30009,2018-12-01,14:00,34,1,札幌,広島,札幌ドーム,,,,43.0,6,12,2018,0,14,14.0,39856,11.0
469,30010,2018-12-01,14:00,34,1,鹿島,鳥栖,県立カシマサッカースタジアム,,,,52.0,6,12,2018,0,14,28.0,37496,27.0
470,30011,2018-12-01,14:00,34,1,浦和,FC東京,埼玉スタジアム2002,,,,29.0,6,12,2018,0,14,20.0,62010,1.0
471,30012,2018-12-01,14:00,34,1,柏,Ｇ大阪,三協フロンテア柏スタジアム,,,,,6,12,2018,0,14,17.0,15109,
472,30013,2018-12-01,14:00,34,1,川崎Ｆ,磐田,等々力陸上競技場,,,,55.0,6,12,2018,0,14,,26827,24.0
473,30014,2018-12-01,14:00,34,1,横浜FM,Ｃ大阪,日産スタジアム,,,,41.0,6,12,2018,0,14,19.0,72081,
474,30015,2018-12-01,14:00,34,1,名古屋,湘南,パロマ瑞穂スタジアム,,,,13.0,6,12,2018,0,14,6.0,20223,22.0
475,30016,2018-12-01,14:00,34,1,神戸,仙台,ノエビアスタジアム神戸,,,,12.0,6,12,2018,0,14,25.0,28425,4.0
476,30017,2018-12-01,14:00,34,1,長崎,清水,トランスコスモススタジアム長崎,,,,,6,12,2018,0,14,,20258,21.0
